Time,phyb22,phyb28,ELF322,ELF328,PIF422,PIF428,COP122,COP128
0.000,0.000,0.000,0.000,0.000,0.000,0.000,0.000,0.000
0.240,0.894,0.177,3.275,4.556,0.105,0.210,0.195,1.050
0.481,0.970,0.308,2.789,4.473,0.197,0.410,0.323,1.732
0.721,0.977,0.405,2.593,4.437,0.286,0.601,0.405,2.176
0.962,0.977,0.476,2.528,4.425,0.367,0.782,0.459,2.465
1.202,0.977,0.528,2.507,4.421,0.441,0.951,0.494,2.653
1.443,0.977,0.567,2.501,4.420,0.507,1.109,0.517,2.775
1.683,0.977,0.596,2.499,4.420,0.565,1.257,0.532,2.854
1.924,0.977,0.617,2.499,4.420,0.617,1.394,0.541,2.906
2.164,0.977,0.632,2.499,4.419,0.663,1.523,0.547,2.940
2.405,0.977,0.644,2.499,4.419,0.704,1.642,0.551,2.961
2.645,0.977,0.652,2.499,4.419,0.739,1.754,0.554,2.976
2.886,0.977,0.658,2.499,4.419,0.771,1.858,0.556,2.985
3.126,0.977,0.663,2.499,4.419,0.798,1.955,0.557,2.991
3.367,0.977,0.666,2.499,4.419,0.822,2.046,0.558,2.995
3.607,0.977,0.669,2.499,4.419,0.844,2.131,0.558,2.997
3.848,0.977,0.671,2.499,4.419,0.862,2.211,0.558,2.999
4.088,0.977,0.672,2.499,4.419,0.879,2.285,0.559,3.000
4.329,0.977,0.673,2.499,4.419,0.893,2.355,0.559,3.001
4.569,0.977,0.674,2.499,4.419,0.906,2.421,0.559,3.001
4.810,0.977,0.674,2.499,4.419,0.917,2.483,0.559,3.002
5.050,0.977,0.675,2.499,4.419,0.926,2.540,0.559,3.002
5.291,0.977,0.675,2.499,4.419,0.935,2.595,0.559,3.002
5.531,0.977,0.675,2.499,4.419,0.942,2.646,0.559,3.002
5.772,0.977,0.675,2.499,4.419,0.949,2.694,0.559,3.002
6.012,0.977,0.675,2.499,4.420,0.954,2.738,0.559,3.002
6.253,0.977,0.675,2.499,4.420,0.959,2.781,0.559,3.002
6.493,0.977,0.676,2.500,4.420,0.964,2.820,0.559,3.002
6.733,0.977,0.676,2.503,4.420,0.968,2.858,0.559,3.002
6.974,0.977,0.676,2.513,4.422,0.971,2.893,0.559,3.002
7.214,0.977,0.676,2.547,4.428,0.973,2.925,0.559,3.002
7.455,0.977,0.676,2.652,4.448,0.974,2.956,0.559,3.002
7.695,0.977,0.676,2.953,4.503,0.970,2.985,0.559,3.002
7.936,0.977,0.676,3.606,4.622,0.959,3.011,0.559,3.002
8.176,0.938,0.628,4.453,4.777,0.973,3.056,17.404,19.186
8.417,0.887,0.569,5.045,4.885,0.996,3.125,33.282,34.441
8.657,0.839,0.516,5.302,4.932,1.018,3.204,43.609,44.363
8.898,0.794,0.467,5.390,4.949,1.041,3.293,50.325,50.816
9.138,0.751,0.423,5.418,4.954,1.065,3.390,54.694,55.013
9.379,0.710,0.383,5.427,4.955,1.091,3.494,57.535,57.742
9.619,0.671,0.347,5.429,4.956,1.119,3.606,59.383,59.518
9.860,0.635,0.315,5.430,4.956,1.148,3.723,60.585,60.673
10.100,0.600,0.285,5.430,4.956,1.179,3.847,61.367,61.424
10.341,0.568,0.258,5.430,4.956,1.212,3.976,61.875,61.912
10.581,0.537,0.234,5.430,4.956,1.246,4.110,62.206,62.230
10.822,0.508,0.212,5.430,4.956,1.281,4.249,62.421,62.436
11.062,0.480,0.192,5.430,4.956,1.318,4.392,62.561,62.571
11.303,0.454,0.174,5.430,4.956,1.356,4.539,62.652,62.658
11.543,0.430,0.158,5.430,4.956,1.395,4.690,62.711,62.715
11.784,0.406,0.143,5.430,4.956,1.435,4.844,62.749,62.752
12.024,0.384,0.129,5.430,4.956,1.477,5.002,62.774,62.776
12.265,0.363,0.117,5.430,4.956,1.520,5.163,62.791,62.792
12.505,0.344,0.106,5.430,4.956,1.564,5.327,62.801,62.802
12.745,0.325,0.096,5.430,4.956,1.609,5.494,62.808,62.809
12.986,0.307,0.087,5.430,4.956,1.655,5.664,62.813,62.813
13.226,0.291,0.079,5.430,4.956,1.702,5.836,62.815,62.816
13.467,0.275,0.071,5.430,4.956,1.750,6.010,62.817,62.817
13.707,0.260,0.065,5.430,4.956,1.799,6.186,62.819,62.819
13.948,0.246,0.059,5.430,4.956,1.849,6.365,62.819,62.819
14.188,0.233,0.053,5.430,4.956,1.900,6.545,62.820,62.820
14.429,0.220,0.048,5.430,4.956,1.952,6.727,62.820,62.820
14.669,0.208,0.044,5.430,4.956,2.004,6.911,62.820,62.820
14.910,0.197,0.039,5.430,4.956,2.058,7.096,62.821,62.821
15.150,0.186,0.036,5.430,4.956,2.113,7.283,62.821,62.821
15.391,0.176,0.032,5.430,4.956,2.168,7.471,62.821,62.821
15.631,0.166,0.029,5.430,4.956,2.224,7.660,62.821,62.821
15.872,0.157,0.027,5.430,4.956,2.281,7.851,62.821,62.821
16.112,0.149,0.024,5.430,4.956,2.339,8.042,62.821,62.821
16.353,0.141,0.022,5.430,4.956,2.398,8.235,62.821,62.821
16.593,0.133,0.020,5.430,4.956,2.457,8.428,62.821,62.821
16.834,0.126,0.018,5.430,4.956,2.517,8.622,62.821,62.821
17.074,0.119,0.016,5.430,4.956,2.578,8.817,62.821,62.821
17.315,0.113,0.015,5.430,4.956,2.640,9.013,62.821,62.821
17.555,0.106,0.013,5.430,4.956,2.702,9.209,62.821,62.821
17.796,0.101,0.012,5.430,4.956,2.765,9.406,62.821,62.821
18.036,0.095,0.011,5.430,4.956,2.829,9.604,62.821,62.821
18.277,0.090,0.010,5.430,4.956,2.893,9.802,62.821,62.821
18.517,0.085,0.009,5.430,4.956,2.958,10.001,62.821,62.821
18.758,0.081,0.008,5.430,4.956,3.023,10.199,62.821,62.821
18.998,0.076,0.007,5.430,4.956,3.089,10.399,62.821,62.821
19.238,0.072,0.007,5.430,4.956,3.156,10.599,62.821,62.821
19.479,0.068,0.006,5.430,4.956,3.223,10.799,62.821,62.821
19.719,0.064,0.005,5.430,4.956,3.291,10.999,62.821,62.821
19.960,0.061,0.005,5.430,4.956,3.359,11.199,62.821,62.821
20.200,0.058,0.004,5.430,4.956,3.428,11.400,62.821,62.821
20.441,0.055,0.004,5.430,4.956,3.497,11.601,62.821,62.821
20.681,0.052,0.004,5.430,4.956,3.566,11.802,62.821,62.821
20.922,0.049,0.003,5.430,4.956,3.637,12.004,62.821,62.821
21.162,0.046,0.003,5.430,4.956,3.707,12.205,62.821,62.821
21.403,0.044,0.003,5.430,4.956,3.778,12.407,62.821,62.821
21.643,0.041,0.002,5.430,4.956,3.850,12.608,62.821,62.821
21.884,0.039,0.002,5.430,4.956,3.922,12.810,62.821,62.821
22.124,0.037,0.002,5.430,4.956,3.994,13.012,62.821,62.821
22.365,0.035,0.002,5.430,4.956,4.067,13.214,62.821,62.821
22.605,0.033,0.002,5.428,4.955,4.140,13.416,62.821,62.821
22.846,0.031,0.002,5.423,4.954,4.213,13.618,62.821,62.821
23.086,0.030,0.001,5.405,4.951,4.287,13.820,62.821,62.821
23.327,0.028,0.001,5.347,4.941,4.361,14.022,62.821,62.821
23.567,0.026,0.001,5.172,4.908,4.437,14.224,62.821,62.821
23.808,0.025,0.001,4.718,4.826,4.517,14.426,62.821,62.821
24.048,0.394,0.041,3.923,4.680,4.591,14.625,57.688,57.890
24.289,0.928,0.208,3.152,4.539,4.440,14.685,37.716,38.701
24.529,0.973,0.331,2.732,4.462,4.244,14.582,24.726,26.220
24.770,0.977,0.421,2.573,4.433,4.060,14.361,16.277,18.103
25.010,0.977,0.488,2.522,4.424,3.888,14.054,10.782,12.824
25.251,0.977,0.537,2.506,4.421,3.724,13.688,7.208,9.390
25.491,0.977,0.574,2.501,4.420,3.566,13.280,4.883,7.157
25.731,0.977,0.600,2.499,4.420,3.411,12.846,3.372,5.704
25.972,0.977,0.620,2.499,4.420,3.257,12.396,2.388,4.760
26.212,0.977,0.635,2.499,4.419,3.101,11.941,1.749,4.145
26.453,0.977,0.646,2.499,4.419,2.943,11.488,1.333,3.746
26.693,0.977,0.653,2.499,4.419,2.783,11.045,1.062,3.486
26.934,0.977,0.659,2.499,4.419,2.622,10.615,0.886,3.317
27.174,0.977,0.664,2.499,4.419,2.464,10.201,0.772,3.207
27.415,0.977,0.667,2.499,4.419,2.312,9.807,0.698,3.135
27.655,0.977,0.669,2.499,4.419,2.169,9.432,0.649,3.089
27.896,0.977,0.671,2.499,4.419,2.036,9.076,0.618,3.058
28.136,0.977,0.672,2.499,4.419,1.915,8.740,0.597,3.039
28.377,0.977,0.673,2.499,4.419,1.807,8.423,0.584,3.026
28.617,0.977,0.674,2.499,4.419,1.709,8.125,0.575,3.018
28.858,0.977,0.674,2.499,4.419,1.623,7.843,0.570,3.012
29.098,0.977,0.675,2.499,4.419,1.547,7.578,0.566,3.009
29.339,0.977,0.675,2.499,4.419,1.479,7.329,0.563,3.006
29.579,0.977,0.675,2.499,4.419,1.420,7.095,0.562,3.005
29.820,0.977,0.675,2.499,4.419,1.367,6.875,0.561,3.004
30.060,0.977,0.675,2.499,4.420,1.322,6.668,0.560,3.003
30.301,0.977,0.675,2.499,4.420,1.281,6.473,0.560,3.003
30.541,0.977,0.676,2.500,4.420,1.246,6.290,0.560,3.003
30.782,0.977,0.676,2.504,4.421,1.215,6.118,0.559,3.002
31.022,0.977,0.676,2.517,4.423,1.187,5.956,0.559,3.002
31.263,0.977,0.676,2.559,4.431,1.163,5.805,0.559,3.002
31.503,0.977,0.676,2.691,4.455,1.140,5.662,0.559,3.002
31.743,0.977,0.676,3.053,4.521,1.114,5.527,0.559,3.002
31.984,0.977,0.676,3.774,4.653,1.083,5.400,0.559,3.002
32.224,0.928,0.616,4.602,4.804,1.095,5.331,21.148,22.783
32.465,0.877,0.558,5.118,4.899,1.111,5.301,35.717,36.780
32.705,0.830,0.506,5.328,4.937,1.126,5.296,45.193,45.884
32.946,0.785,0.458,5.399,4.950,1.142,5.311,51.355,51.805
33.186,0.742,0.415,5.421,4.954,1.161,5.344,55.364,55.656
33.427,0.702,0.376,5.427,4.955,1.183,5.392,57.971,58.161
33.667,0.664,0.340,5.429,4.956,1.206,5.454,59.666,59.790
33.908,0.628,0.308,5.430,4.956,1.232,5.528,60.769,60.850
34.148,0.594,0.279,5.430,4.956,1.260,5.613,61.486,61.539
34.389,0.562,0.253,5.430,4.956,1.290,5.707,61.953,61.987
34.629,0.531,0.229,5.430,4.956,1.321,5.811,62.256,62.279
34.870,0.502,0.208,5.430,4.956,1.354,5.922,62.454,62.468
35.110,0.475,0.188,5.430,4.956,1.388,6.041,62.582,62.591
35.351,0.449,0.170,5.430,4.956,1.425,6.166,62.666,62.672
35.591,0.425,0.154,5.430,4.956,1.462,6.297,62.720,62.724
35.832,0.402,0.140,5.430,4.956,1.501,6.434,62.755,62.758
36.072,0.380,0.127,5.430,4.956,1.541,6.577,62.778,62.780
36.313,0.359,0.115,5.430,4.956,1.582,6.724,62.793,62.794
36.553,0.340,0.104,5.430,4.956,1.625,6.875,62.803,62.804
36.794,0.321,0.094,5.430,4.956,1.669,7.030,62.809,62.810
37.034,0.304,0.085,5.430,4.956,1.714,7.189,62.813,62.814
37.275,0.287,0.077,5.430,4.956,1.760,7.352,62.816,62.816
37.515,0.272,0.070,5.430,4.956,1.807,7.518,62.818,62.818
37.756,0.257,0.063,5.430,4.956,1.856,7.686,62.819,62.819
37.996,0.243,0.057,5.430,4.956,1.905,7.858,62.820,62.820
38.236,0.230,0.052,5.430,4.956,1.955,8.031,62.820,62.820
38.477,0.217,0.047,5.430,4.956,2.007,8.208,62.820,62.820
38.717,0.206,0.043,5.430,4.956,2.059,8.386,62.821,62.821
38.958,0.195,0.039,5.430,4.956,2.112,8.567,62.821,62.821
39.198,0.184,0.035,5.430,4.956,2.166,8.749,62.821,62.821
39.439,0.174,0.032,5.430,4.956,2.221,8.933,62.821,62.821
39.679,0.165,0.029,5.430,4.956,2.277,9.118,62.821,62.821
39.920,0.156,0.026,5.430,4.956,2.334,9.305,62.821,62.821
40.160,0.147,0.024,5.430,4.956,2.391,9.493,62.821,62.821
40.401,0.139,0.021,5.430,4.956,2.449,9.683,62.821,62.821
40.641,0.132,0.019,5.430,4.956,2.509,9.873,62.821,62.821
40.882,0.124,0.018,5.430,4.956,2.568,10.065,62.821,62.821
41.122,0.118,0.016,5.430,4.956,2.629,10.258,62.821,62.821
41.363,0.111,0.014,5.430,4.956,2.690,10.451,62.821,62.821
41.603,0.105,0.013,5.430,4.956,2.753,10.646,62.821,62.821
41.844,0.100,0.012,5.430,4.956,2.815,10.841,62.821,62.821
42.084,0.094,0.011,5.430,4.956,2.879,11.036,62.821,62.821
42.325,0.089,0.010,5.430,4.956,2.943,11.233,62.821,62.821
42.565,0.084,0.009,5.430,4.956,3.007,11.430,62.821,62.821
42.806,0.080,0.008,5.430,4.956,3.073,11.627,62.821,62.821
43.046,0.075,0.007,5.430,4.956,3.139,11.825,62.821,62.821
43.287,0.071,0.007,5.430,4.956,3.205,12.023,62.821,62.821
43.527,0.067,0.006,5.430,4.956,3.272,12.222,62.821,62.821
43.768,0.064,0.005,5.430,4.956,3.340,12.421,62.821,62.821
44.008,0.060,0.005,5.430,4.956,3.408,12.620,62.821,62.821
44.248,0.057,0.004,5.430,4.956,3.477,12.820,62.821,62.821
44.489,0.054,0.004,5.430,4.956,3.546,13.020,62.821,62.821
44.729,0.051,0.004,5.430,4.956,3.615,13.220,62.821,62.821
44.970,0.048,0.003,5.430,4.956,3.686,13.420,62.821,62.821
45.210,0.046,0.003,5.430,4.956,3.756,13.620,62.821,62.821
45.451,0.043,0.003,5.430,4.956,3.827,13.821,62.821,62.821
45.691,0.041,0.002,5.430,4.956,3.899,14.021,62.821,62.821
45.932,0.039,0.002,5.430,4.956,3.970,14.222,62.821,62.821
46.172,0.036,0.002,5.430,4.956,4.043,14.423,62.821,62.821
46.413,0.035,0.002,5.429,4.956,4.115,14.624,62.821,62.821
46.653,0.033,0.002,5.427,4.955,4.188,14.825,62.821,62.821
46.894,0.031,0.001,5.420,4.954,4.262,15.026,62.821,62.821
47.134,0.029,0.001,5.398,4.950,4.335,15.227,62.821,62.821
47.375,0.028,0.001,5.326,4.937,4.410,15.428,62.821,62.821
47.615,0.026,0.001,5.109,4.897,4.486,15.630,62.821,62.821
47.856,0.025,0.001,4.582,4.801,4.567,15.831,62.821,62.821
48.096,0.621,0.078,3.749,4.648,4.609,16.014,52.979,53.365
48.337,0.947,0.235,3.038,4.518,4.431,16.020,34.653,35.758
48.577,0.975,0.351,2.686,4.454,4.235,15.860,22.733,24.306
48.818,0.977,0.436,2.558,4.430,4.051,15.578,14.981,16.858
49.058,0.977,0.499,2.517,4.423,3.879,15.211,9.939,12.014
49.299,0.977,0.546,2.504,4.420,3.715,14.783,6.660,8.863
49.539,0.977,0.580,2.500,4.420,3.556,14.316,4.527,6.814
49.780,0.977,0.605,2.499,4.420,3.400,13.822,3.140,5.482
50.020,0.977,0.624,2.499,4.420,3.244,13.316,2.238,4.615
50.261,0.977,0.637,2.499,4.419,3.086,12.806,1.651,4.051
50.501,0.977,0.647,2.499,4.419,2.926,12.301,1.269,3.684
50.741,0.977,0.655,2.499,4.419,2.764,11.809,1.021,3.446
50.982,0.977,0.660,2.499,4.419,2.602,11.333,0.859,3.291
51.222,0.977,0.664,2.499,4.419,2.444,10.876,0.754,3.190
51.463,0.977,0.667,2.499,4.419,2.292,10.441,0.686,3.124
51.703,0.977,0.670,2.499,4.419,2.149,10.027,0.642,3.081
51.944,0.977,0.671,2.499,4.419,2.018,9.636,0.613,3.054
52.184,0.977,0.672,2.499,4.419,1.899,9.266,0.594,3.036
52.425,0.977,0.673,2.499,4.419,1.792,8.917,0.582,3.024
52.665,0.977,0.674,2.499,4.419,1.696,8.589,0.574,3.016
52.906,0.977,0.674,2.499,4.419,1.611,8.279,0.569,3.011
53.146,0.977,0.675,2.499,4.419,1.536,7.988,0.565,3.008
53.387,0.977,0.675,2.499,4.419,1.470,7.715,0.563,3.006
53.627,0.977,0.675,2.499,4.419,1.412,7.457,0.562,3.005
53.868,0.977,0.675,2.499,4.419,1.360,7.215,0.561,3.004
54.108,0.977,0.675,2.499,4.420,1.315,6.987,0.560,3.003
54.349,0.977,0.675,2.499,4.420,1.276,6.773,0.560,3.003
54.589,0.977,0.676,2.501,4.420,1.241,6.572,0.560,3.003
54.830,0.977,0.676,2.506,4.421,1.211,6.383,0.559,3.002
55.070,0.977,0.676,2.522,4.424,1.184,6.206,0.559,3.002
55.311,0.977,0.676,2.575,4.434,1.159,6.039,0.559,3.002
55.551,0.977,0.676,2.739,4.463,1.136,5.882,0.559,3.002
55.792,0.977,0.676,3.168,4.542,1.110,5.734,0.559,3.002
56.032,0.970,0.667,3.948,4.685,1.082,5.597,4.030,6.337
56.273,0.917,0.604,4.736,4.829,1.099,5.531,24.583,26.084
56.513,0.868,0.547,5.179,4.910,1.114,5.498,37.951,38.927
56.754,0.821,0.496,5.350,4.941,1.129,5.489,46.646,47.280
56.994,0.776,0.449,5.406,4.951,1.146,5.501,52.301,52.713
57.234,0.734,0.407,5.423,4.954,1.166,5.531,55.979,56.247
57.475,0.694,0.369,5.428,4.955,1.188,5.577,58.371,58.545
57.715,0.656,0.334,5.430,4.956,1.212,5.637,59.926,60.040
57.956,0.621,0.302,5.430,4.956,1.238,5.709,60.938,61.012
58.196,0.587,0.274,5.430,4.956,1.266,5.792,61.596,61.645
58.437,0.555,0.248,5.430,4.956,1.296,5.885,62.025,62.056
58.677,0.525,0.225,5.430,4.956,1.328,5.987,62.303,62.323
58.918,0.497,0.204,5.430,4.956,1.361,6.097,62.484,62.497
59.158,0.470,0.184,5.430,4.956,1.396,6.215,62.602,62.610
59.399,0.444,0.167,5.430,4.956,1.432,6.340,62.678,62.684
59.639,0.420,0.151,5.430,4.956,1.470,6.470,62.728,62.732
59.880,0.397,0.137,5.430,4.956,1.509,6.607,62.761,62.763
60.120,0.376,0.124,5.430,4.956,1.550,6.749,62.782,62.783
60.361,0.355,0.113,5.430,4.956,1.591,6.895,62.795,62.796
60.601,0.336,0.102,5.430,4.956,1.634,7.046,62.804,62.805
60.842,0.318,0.092,5.430,4.956,1.678,7.201,62.810,62.811
61.082,0.301,0.084,5.430,4.956,1.723,7.360,62.814,62.814
61.323,0.284,0.076,5.430,4.956,1.770,7.522,62.816,62.817
61.563,0.269,0.069,5.430,4.956,1.817,7.688,62.818,62.818
61.804,0.254,0.062,5.430,4.956,1.866,7.856,62.819,62.819
62.044,0.240,0.056,5.430,4.956,1.915,8.027,62.820,62.820
62.285,0.227,0.051,5.430,4.956,1.966,8.201,62.820,62.820
62.525,0.215,0.046,5.430,4.956,2.017,8.377,62.820,62.820
62.766,0.203,0.042,5.430,4.956,2.070,8.555,62.821,62.821
63.006,0.192,0.038,5.430,4.956,2.123,8.736,62.821,62.821
63.246,0.182,0.034,5.430,4.956,2.177,8.918,62.821,62.821
63.487,0.172,0.031,5.430,4.956,2.232,9.102,62.821,62.821
63.727,0.163,0.028,5.430,4.956,2.288,9.287,62.821,62.821
63.968,0.154,0.026,5.430,4.956,2.345,9.474,62.821,62.821
64.208,0.146,0.023,5.430,4.956,2.403,9.662,62.821,62.821
64.449,0.138,0.021,5.430,4.956,2.462,9.852,62.821,62.821
64.689,0.130,0.019,5.430,4.956,2.521,10.042,62.821,62.821
64.930,0.123,0.017,5.430,4.956,2.581,10.234,62.821,62.821
65.170,0.116,0.016,5.430,4.956,2.642,10.426,62.821,62.821
65.411,0.110,0.014,5.430,4.956,2.703,10.620,62.821,62.821
65.651,0.104,0.013,5.430,4.956,2.765,10.814,62.821,62.821
65.892,0.098,0.012,5.430,4.956,2.828,11.009,62.821,62.821
66.132,0.093,0.010,5.430,4.956,2.892,11.205,62.821,62.821
66.373,0.088,0.010,5.430,4.956,2.956,11.401,62.821,62.821
66.613,0.083,0.009,5.430,4.956,3.021,11.598,62.821,62.821
66.854,0.079,0.008,5.430,4.956,3.086,11.795,62.821,62.821
67.094,0.075,0.007,5.430,4.956,3.152,11.993,62.821,62.821
67.335,0.070,0.006,5.430,4.956,3.219,12.191,62.821,62.821
67.575,0.067,0.006,5.430,4.956,3.286,12.390,62.821,62.821
67.816,0.063,0.005,5.430,4.956,3.354,12.589,62.821,62.821
68.056,0.060,0.005,5.430,4.956,3.422,12.788,62.821,62.821
68.297,0.056,0.004,5.430,4.956,3.491,12.988,62.821,62.821
68.537,0.053,0.004,5.430,4.956,3.560,13.187,62.821,62.821
68.778,0.050,0.004,5.430,4.956,3.630,13.387,62.821,62.821
69.018,0.048,0.003,5.430,4.956,3.700,13.588,62.821,62.821
69.259,0.045,0.003,5.430,4.956,3.770,13.788,62.821,62.821
69.499,0.043,0.003,5.430,4.956,3.842,13.988,62.821,62.821
69.739,0.040,0.002,5.430,4.956,3.913,14.189,62.821,62.821
69.980,0.038,0.002,5.430,4.956,3.985,14.390,62.821,62.821
70.220,0.036,0.002,5.430,4.956,4.057,14.591,62.821,62.821
70.461,0.034,0.002,5.429,4.956,4.130,14.791,62.821,62.821
70.701,0.032,0.002,5.426,4.955,4.203,14.992,62.821,62.821
70.942,0.031,0.001,5.418,4.954,4.276,15.193,62.821,62.821
71.182,0.029,0.001,5.389,4.948,4.350,15.394,62.821,62.821
71.423,0.027,0.001,5.298,4.932,4.425,15.595,62.821,62.821
71.663,0.026,0.001,5.034,4.883,4.502,15.797,62.821,62.821
71.904,0.024,0.001,4.431,4.773,4.584,15.998,62.821,62.821
72.144,0.759,0.114,3.582,4.618,4.582,16.158,48.657,49.213
72.385,0.959,0.261,2.941,4.500,4.391,16.124,31.842,33.058
72.625,0.976,0.370,2.648,4.447,4.197,15.933,20.905,22.550
72.866,0.977,0.450,2.545,4.428,4.016,15.628,13.792,15.716
73.106,0.977,0.510,2.513,4.422,3.846,15.242,9.166,11.271
73.347,0.977,0.553,2.503,4.420,3.683,14.801,6.157,8.380
73.587,0.977,0.585,2.500,4.420,3.525,14.322,4.200,6.500
73.828,0.977,0.609,2.499,4.420,3.369,13.820,2.927,5.277
74.068,0.977,0.627,2.499,4.420,3.213,13.306,2.099,4.482
74.309,0.977,0.639,2.499,4.419,3.054,12.792,1.561,3.964
74.549,0.977,0.649,2.499,4.419,2.894,12.285,1.211,3.628
74.790,0.977,0.656,2.499,4.419,2.732,11.790,0.983,3.409
75.030,0.977,0.661,2.499,4.419,2.570,11.313,0.835,3.267
75.271,0.977,0.665,2.499,4.419,2.413,10.856,0.738,3.174
75.511,0.977,0.668,2.499,4.419,2.263,10.421,0.676,3.114
75.752,0.977,0.670,2.499,4.419,2.122,10.008,0.635,3.075
75.992,0.977,0.671,2.499,4.419,1.994,9.618,0.608,3.049
76.232,0.977,0.673,2.499,4.419,1.877,9.249,0.591,3.033
76.473,0.977,0.673,2.499,4.419,1.772,8.901,0.580,3.022
76.713,0.977,0.674,2.499,4.419,1.678,8.573,0.573,3.015
76.954,0.977,0.674,2.499,4.419,1.596,8.265,0.568,3.011
77.194,0.977,0.675,2.499,4.419,1.522,7.975,0.565,3.008
77.435,0.977,0.675,2.499,4.419,1.458,7.701,0.563,3.006
77.675,0.977,0.675,2.499,4.419,1.401,7.445,0.561,3.004
77.916,0.977,0.675,2.499,4.419,1.351,7.203,0.561,3.004
78.156,0.977,0.675,2.499,4.420,1.307,6.976,0.560,3.003
78.397,0.977,0.675,2.499,4.420,1.269,6.763,0.560,3.003
78.637,0.977,0.676,2.501,4.420,1.235,6.563,0.559,3.002
78.878,0.977,0.676,2.508,4.421,1.205,6.374,0.559,3.002
79.118,0.977,0.676,2.528,4.425,1.179,6.197,0.559,3.002
79.359,0.977,0.676,2.596,4.437,1.155,6.031,0.559,3.002
79.599,0.977,0.676,2.798,4.474,1.131,5.874,0.559,3.002
79.840,0.977,0.676,3.300,4.566,1.104,5.727,0.559,3.002
80.080,0.959,0.654,4.122,4.716,1.085,5.600,8.876,10.993
80.321,0.907,0.592,4.855,4.850,1.102,5.541,27.735,29.112
80.561,0.858,0.536,5.229,4.919,1.117,5.512,40.001,40.897
80.802,0.811,0.486,5.366,4.944,1.133,5.507,47.979,48.562
81.042,0.767,0.440,5.411,4.952,1.150,5.523,53.168,53.547
81.283,0.726,0.399,5.424,4.955,1.170,5.556,56.543,56.789
81.523,0.686,0.361,5.428,4.955,1.192,5.604,58.738,58.898
81.764,0.649,0.327,5.430,4.956,1.217,5.666,60.165,60.269
82.004,0.614,0.296,5.430,4.956,1.244,5.740,61.094,61.161
82.244,0.581,0.269,5.430,4.956,1.272,5.824,61.697,61.742
82.485,0.549,0.243,5.430,4.956,1.302,5.919,62.090,62.119
82.725,0.519,0.220,5.430,4.956,1.334,6.023,62.346,62.364
82.966,0.491,0.200,5.430,4.956,1.368,6.134,62.512,62.524
83.206,0.464,0.181,5.430,4.956,1.403,6.253,62.620,62.628
83.447,0.439,0.164,5.430,4.956,1.440,6.379,62.690,62.695
83.687,0.415,0.148,5.430,4.956,1.478,6.511,62.736,62.739
83.928,0.393,0.134,5.430,4.956,1.517,6.648,62.766,62.768
84.168,0.372,0.122,5.430,4.956,1.558,6.791,62.785,62.786
84.409,0.351,0.110,5.430,4.956,1.600,6.938,62.797,62.798
84.649,0.332,0.100,5.430,4.956,1.643,7.090,62.806,62.806
84.890,0.314,0.091,5.430,4.956,1.687,7.245,62.811,62.811
85.130,0.297,0.082,5.430,4.956,1.733,7.405,62.814,62.815
85.371,0.281,0.074,5.430,4.956,1.779,7.568,62.817,62.817
85.611,0.266,0.067,5.430,4.956,1.827,7.734,62.818,62.818
85.852,0.251,0.061,5.430,4.956,1.876,7.903,62.819,62.819
86.092,0.238,0.055,5.430,4.956,1.925,8.074,62.820,62.820
86.333,0.225,0.050,5.430,4.956,1.976,8.249,62.820,62.820
86.573,0.213,0.045,5.430,4.956,2.028,8.425,62.820,62.820
86.814,0.201,0.041,5.430,4.956,2.080,8.604,62.821,62.821
87.054,0.190,0.037,5.430,4.956,2.134,8.784,62.821,62.821
87.295,0.180,0.034,5.430,4.956,2.188,8.967,62.821,62.821
87.535,0.170,0.031,5.430,4.956,2.244,9.151,62.821,62.821
87.776,0.161,0.028,5.430,4.956,2.300,9.337,62.821,62.821
88.016,0.152,0.025,5.430,4.956,2.357,9.524,62.821,62.821
88.257,0.144,0.023,5.430,4.956,2.415,9.712,62.821,62.821
88.497,0.136,0.021,5.430,4.956,2.473,9.902,62.821,62.821
88.737,0.129,0.019,5.430,4.956,2.533,10.093,62.821,62.821
88.978,0.122,0.017,5.430,4.956,2.593,10.284,62.821,62.821
89.218,0.115,0.015,5.430,4.956,2.654,10.477,62.821,62.821
89.459,0.109,0.014,5.430,4.956,2.715,10.671,62.821,62.821
89.699,0.103,0.013,5.430,4.956,2.778,10.865,62.821,62.821
89.940,0.097,0.011,5.430,4.956,2.841,11.060,62.821,62.821
90.180,0.092,0.010,5.430,4.956,2.904,11.256,62.821,62.821
90.421,0.087,0.009,5.430,4.956,2.969,11.452,62.821,62.821
90.661,0.082,0.008,5.430,4.956,3.034,11.649,62.821,62.821
90.902,0.078,0.008,5.430,4.956,3.099,11.847,62.821,62.821
91.142,0.074,0.007,5.430,4.956,3.165,12.045,62.821,62.821
91.383,0.070,0.006,5.430,4.956,3.232,12.243,62.821,62.821
91.623,0.066,0.006,5.430,4.956,3.299,12.442,62.821,62.821
91.864,0.062,0.005,5.430,4.956,3.367,12.641,62.821,62.821
92.104,0.059,0.005,5.430,4.956,3.436,12.840,62.821,62.821
92.345,0.056,0.004,5.430,4.956,3.504,13.040,62.821,62.821
92.585,0.053,0.004,5.430,4.956,3.574,13.239,62.821,62.821
92.826,0.050,0.003,5.430,4.956,3.644,13.439,62.821,62.821
93.066,0.047,0.003,5.430,4.956,3.714,13.640,62.821,62.821
93.307,0.045,0.003,5.430,4.956,3.785,13.840,62.821,62.821
93.547,0.042,0.003,5.430,4.956,3.856,14.040,62.821,62.821
93.788,0.040,0.002,5.430,4.956,3.927,14.241,62.821,62.821
94.028,0.038,0.002,5.430,4.956,3.999,14.442,62.821,62.821
94.269,0.036,0.002,5.430,4.956,4.072,14.643,62.821,62.821
94.509,0.034,0.002,5.429,4.956,4.145,14.843,62.821,62.821
94.749,0.032,0.002,5.425,4.955,4.218,15.044,62.821,62.821
94.990,0.030,0.001,5.414,4.953,4.291,15.245,62.821,62.821
95.230,0.029,0.001,5.378,4.946,4.365,15.446,62.821,62.821
95.471,0.027,0.001,5.265,4.925,4.440,15.647,62.821,62.821
95.711,0.026,0.001,4.944,4.867,4.518,15.849,62.821,62.821
95.952,0.024,0.001,4.268,4.743,4.602,16.051,62.821,62.821
96.192,0.844,0.147,3.425,4.589,4.548,16.178,44.692,45.404
96.433,0.966,0.286,2.858,4.485,4.351,16.109,29.263,30.580
96.673,0.976,0.388,2.617,4.441,4.160,15.891,19.228,20.939
96.914,0.977,0.464,2.535,4.426,3.981,15.567,12.701,14.668
97.154,0.977,0.519,2.510,4.422,3.813,15.168,8.456,10.589
97.395,0.977,0.560,2.502,4.420,3.651,14.717,5.695,7.937
97.635,0.977,0.591,2.500,4.420,3.493,14.232,3.900,6.212
97.876,0.977,0.613,2.499,4.420,3.338,13.727,2.732,5.090
98.116,0.977,0.630,2.499,4.420,3.181,13.212,1.972,4.360
98.357,0.977,0.642,2.499,4.419,3.023,12.698,1.478,3.885
98.597,0.977,0.651,2.499,4.419,2.861,12.192,1.157,3.576
98.838,0.977,0.657,2.499,4.419,2.699,11.701,0.948,3.376
99.078,0.977,0.662,2.499,4.419,2.538,11.227,0.812,3.245
99.319,0.977,0.666,2.499,4.419,2.382,10.774,0.724,3.160
99.559,0.977,0.668,2.499,4.419,2.234,10.343,0.666,3.105
99.800,0.977,0.670,2.499,4.419,2.096,9.934,0.629,3.069
100.040,0.977,0.672,2.499,4.419,1.969,9.548,0.604,3.046
100.281,0.977,0.673,2.499,4.419,1.855,9.183,0.588,3.030
100.521,0.977,0.673,2.499,4.419,1.752,8.839,0.578,3.020
100.762,0.977,0.674,2.499,4.419,1.661,8.515,0.571,3.014
101.002,0.977,0.674,2.499,4.419,1.580,8.209,0.567,3.010
101.242,0.977,0.675,2.499,4.419,1.509,7.922,0.564,3.007
101.483,0.977,0.675,2.499,4.419,1.446,7.653,0.562,3.005
101.723,0.977,0.675,2.499,4.419,1.390,7.399,0.561,3.004
101.964,0.977,0.675,2.499,4.420,1.342,7.160,0.560,3.003
102.204,0.977,0.675,2.499,4.420,1.299,6.936,0.560,3.003
102.445,0.977,0.675,2.500,4.420,1.261,6.725,0.560,3.003
102.685,0.977,0.676,2.502,4.420,1.228,6.527,0.559,3.002
102.926,0.977,0.676,2.510,4.422,1.200,6.340,0.559,3.002
103.166,0.977,0.676,2.536,4.426,1.174,6.165,0.559,3.002
103.407,0.977,0.676,2.621,4.442,1.150,6.001,0.559,3.002
103.647,0.977,0.676,2.868,4.487,1.126,5.846,0.559,3.002
103.888,0.977,0.676,3.446,4.593,1.097,5.700,0.559,3.002
104.128,0.949,0.641,4.292,4.748,1.089,5.587,13.323,15.266
104.369,0.897,0.581,4.957,4.869,1.105,5.535,30.628,31.891
104.609,0.849,0.526,5.269,4.926,1.120,5.511,41.883,42.704
104.850,0.802,0.476,5.380,4.947,1.136,5.511,49.203,49.737
105.090,0.759,0.432,5.415,4.953,1.154,5.529,53.964,54.311
105.331,0.718,0.391,5.426,4.955,1.174,5.565,57.060,57.286
105.571,0.679,0.354,5.429,4.956,1.197,5.617,59.074,59.221
105.812,0.642,0.321,5.430,4.956,1.222,5.681,60.384,60.480
106.052,0.607,0.291,5.430,4.956,1.249,5.757,61.236,61.298
106.293,0.574,0.263,5.430,4.956,1.278,5.844,61.790,61.830
106.533,0.543,0.239,5.430,4.956,1.309,5.941,62.150,62.177
106.774,0.514,0.216,5.430,4.956,1.341,6.046,62.385,62.402
107.014,0.486,0.196,5.430,4.956,1.375,6.159,62.537,62.548
107.255,0.459,0.177,5.430,4.956,1.410,6.279,62.636,62.644
107.495,0.434,0.161,5.430,4.956,1.447,6.406,62.701,62.706
107.735,0.411,0.146,5.430,4.956,1.486,6.539,62.743,62.746
107.976,0.389,0.132,5.430,4.956,1.525,6.678,62.770,62.772
108.216,0.367,0.119,5.430,4.956,1.566,6.821,62.788,62.789
108.457,0.348,0.108,5.430,4.956,1.608,6.969,62.799,62.800
108.697,0.329,0.098,5.430,4.956,1.652,7.122,62.807,62.807
108.938,0.311,0.089,5.430,4.956,1.696,7.278,62.812,62.812
109.178,0.294,0.080,5.430,4.956,1.742,7.438,62.815,62.815
109.419,0.278,0.073,5.430,4.956,1.789,7.602,62.817,62.817
109.659,0.263,0.066,5.430,4.956,1.837,7.768,62.818,62.818
109.900,0.249,0.060,5.430,4.956,1.885,7.938,62.819,62.819
110.140,0.235,0.054,5.430,4.956,1.935,8.110,62.820,62.820
110.381,0.222,0.049,5.430,4.956,1.986,8.285,62.820,62.820
110.621,0.210,0.044,5.430,4.956,2.038,8.462,62.820,62.820
110.862,0.199,0.040,5.430,4.956,2.091,8.641,62.821,62.821
111.102,0.188,0.036,5.430,4.956,2.145,8.822,62.821,62.821
111.343,0.178,0.033,5.430,4.956,2.199,9.005,62.821,62.821
111.583,0.168,0.030,5.430,4.956,2.255,9.189,62.821,62.821
111.824,0.159,0.027,5.430,4.956,2.311,9.375,62.821,62.821
112.064,0.150,0.025,5.430,4.956,2.368,9.563,62.821,62.821
112.305,0.142,0.022,5.430,4.956,2.426,9.751,62.821,62.821
112.545,0.135,0.020,5.430,4.956,2.485,9.941,62.821,62.821
112.786,0.127,0.018,5.430,4.956,2.545,10.132,62.821,62.821
113.026,0.120,0.017,5.430,4.956,2.605,10.324,62.821,62.821
113.267,0.114,0.015,5.430,4.956,2.666,10.517,62.821,62.821
113.507,0.108,0.014,5.430,4.956,2.728,10.711,62.821,62.821
113.747,0.102,0.012,5.430,4.956,2.790,10.905,62.821,62.821
113.988,0.096,0.011,5.430,4.956,2.853,11.101,62.821,62.821
114.228,0.091,0.010,5.430,4.956,2.917,11.296,62.821,62.821
114.469,0.086,0.009,5.430,4.956,2.982,11.493,62.821,62.821
114.709,0.081,0.008,5.430,4.956,3.047,11.690,62.821,62.821
114.950,0.077,0.008,5.430,4.956,3.112,11.887,62.821,62.821
115.190,0.073,0.007,5.430,4.956,3.179,12.085,62.821,62.821
115.431,0.069,0.006,5.430,4.956,3.246,12.284,62.821,62.821
115.671,0.065,0.006,5.430,4.956,3.313,12.483,62.821,62.821
115.912,0.062,0.005,5.430,4.956,3.381,12.682,62.821,62.821
116.152,0.058,0.005,5.430,4.956,3.449,12.881,62.821,62.821
116.393,0.055,0.004,5.430,4.956,3.518,13.081,62.821,62.821
116.633,0.052,0.004,5.430,4.956,3.588,13.280,62.821,62.821
116.874,0.049,0.003,5.430,4.956,3.658,13.480,62.821,62.821
117.114,0.047,0.003,5.430,4.956,3.728,13.681,62.821,62.821
117.355,0.044,0.003,5.430,4.956,3.799,13.881,62.821,62.821
117.595,0.042,0.003,5.430,4.956,3.870,14.082,62.821,62.821
117.836,0.039,0.002,5.430,4.956,3.942,14.282,62.821,62.821
118.076,0.037,0.002,5.430,4.956,4.014,14.483,62.821,62.821
118.317,0.035,0.002,5.430,4.956,4.086,14.684,62.821,62.821
118.557,0.033,0.002,5.428,4.955,4.159,14.885,62.821,62.821
118.798,0.032,0.002,5.424,4.955,4.232,15.086,62.821,62.821
119.038,0.030,0.001,5.410,4.952,4.306,15.287,62.821,62.821
119.279,0.028,0.001,5.365,4.944,4.380,15.488,62.821,62.821
119.519,0.027,0.001,5.223,4.918,4.456,15.689,62.821,62.821
119.760,0.025,0.001,4.839,4.848,4.534,15.890,62.821,62.821
120.000,0.024,0.001,4.097,4.712,4.620,16.092,62.821,62.821
